t_m,mu_m,desktop_rate,visit_duration,bounce_rate,top_country_1,top_country_2,top_country_3,direct,ref,soc,org,dis_ad,ad
1,79,17.9,51,72.9,14.6,8.9,8.8,37,18.9,18.4,25.3,0,1
1,86,14.9,4,87.7,46.9,12.3,12.2,37,54.1,2.9,5.6,0,1
1,73,14.9,49,79.8,13.6,12.8,6.7,36.2,50.2,5.5,7.9,0,1
1,82,21.7,9,73.5,16.6,13.4,11.4,35,51.8,9.1,3.9,0,1
1,85,30.4,19,69,32.5,14.4,12.5,31.4,54.6,3,10.9,0,1
1,67,66,30,43.4,41.5,40.3,17.8,64.7,12.3,2.9,7.8,12,1
1,53,35.9,82,34.5,13.2,12.8,9.2,36.2,53.1,4.9,4.4,0.7,1
2,66,23.3,39,43.8,16.2,15.4,4.1,61.8,16.8,6,13.6,1.5,1
3,85,62.2,51,61.7,82.4,5.3,4,82.9,7,0.9,8.8,0,1
3,82,96,28,79.6,89.7,2.7,1.5,97,1.4,0.03,1.2,0,1
1,85,30.4,19,69,32.5,14.4,12.5,31.4,54.6,3,10.9,0,1
3,38,58.7,196,54,46.2,6.6,6.3,41.5,46.3,0.3,11.3,0,1
3,32,75.7,232,29.8,24,14.9,5.7,47.3,12.8,1.4,38.2,0,1
3,35,61.7,125,58.1,45.5,6.9,4.8,49.3,45.7,0.4,4.1,0.24,1
2,64,100,44,74.7,62.5,12.3,6.7,8.6,74.3,1.1,5,10.6,1
1,68,35.7,37,62.8,23,21.7,10.6,19.9,36.8,3.4,37.9,1.8,1
3,62,100,55,80.7,39,18.4,8.3,96.9,0.5,0,0,2.5,1
1,62,30.9,129,58.9,24.9,6.9,5.2,56.2,17.9,7.2,12.1,6.4,1
3,64,1,83,50.4,40.3,9.6,2.6,29.4,65.3,2.5,1.5,1.1,1
2,61,10.5,52,73.3,22.5,20.4,19.4,71.8,4.88,3.9,19.3,0,1
1,35,55.8,301,52.3,22.4,4.6,4.1,13,8,6.6,15.5,56.6,1
3,60,15,65,35.5,13.2,8.9,6,68.7,1.6,0,29.3,0,1
3,56,51.4,160,57.6,82.1,3,2.8,27.8,5,1.9,64.2,0,1
1,82,66.5,21,70.7,73.4,6,5.8,9.8,1.1,1.1,87.8,0,1
1,70,61.9,29,79,56.3,9.7,9.5,10.7,1,1.1,87,0,1
1,71,52.4,26,94.5,58.6,19.1,4.3,14.1,1.3,2.4,82.1,0,1
1,43,42.1,1194,16.2,35.9,6.2,6,39,51.8,3.1,2.4,3.4,1
2,73,1.6,56,33.3,21.7,17.2,8.7,52.7,18.8,6.2,18.9,3.2,1
3,60,17,212,64.8,10.5,8.4,7.8,30,54.7,4.3,9.7,1.2,1
1,44,8,237,62.6,41.7,9.8,8.6,30.7,2.8,49.6,12.7,4,1
3,60,25.2,40,47.3,89.1,2.6,2.4,15.7,3.3,80.7,0.7,0,1
3,36,19.2,331,40.3,10.3,9.5,7.5,39.9,52.3,0,6.4,0.8,1
3,38,12.6,254,54,22,5.7,5,24.3,32.3,6.2,23.2,13.9,1
2,33,64.3,331,51.6,12.8,4.2,3.9,13.3,9.7,5,9.7,62.3,1
3,46,37.4,103,78.5,14,10.7,4.8,43.3,12.2,0.1,24,20.5,1
3,48,24.4,111,54.7,15.2,9.8,7.8,45,52,1,1.6,0.3,1
3,64,100,68,72.2,81.6,2.8,2.6,21.2,65,0.8,2.1,10.2,1
1,73,26.4,63,70.4,22,11.9,8.8,28.9,41.4,2.7,26.1,0.9,1
1,92,100,67,41.6,81.2,3.3,1.4,26,61.3,0,1.8,11,1
3,72,25.1,39,71.2,23.7,4.9,3.7,23.3,0.6,0.3,75.7,0,1
1,85,50,34,69.7,81,9.2,2.3,24,56.4,2,1.8,15.8,1
1,67,5.2,23,23.6,14.1,8.2,7.2,69.6,2.6,3,23.9,0.8,1
3,71,93.2,70,78.1,66.1,5.8,5.3,25.3,10.8,0.8,4.4,58.6,1
3,50,24.8,131,74,80.9,17.5,0.3,14.1,0.4,0,85.5,0,0
3,62,11,19,97.6,100,0,0,18.4,0,0,81.5,0,0
3,58,44.2,37,85.7,69.6,5.8,3,15.6,0.7,0.1,83.6,0,0
3,61,39.7,67,66.2,35.8,21,6,61,3.1,6.9,28.9,0,0
3,30,82.6,459,34.1,93,1.7,1,48.8,4.8,1.8,25.9,0.2,0
3,57,32.7,76,57.3,20.5,7.5,5,30,5.6,6.8,56.5,0,0
3,7,65.8,520,21.6,94,2,1,78.3,1.2,3.3,17,0,0
3,69,59,86,55.3,98.5,1.5,0,38.7,1,4,62.3,0,0
3,49,55.1,293,50.2,30,10.9,4.5,37,9.7,5.5,47.3,0,0
3,60,44,210,61.1,18.9,11.8,8.6,26,1.2,1.7,70.8,0,0
3,77,28,109,63.5,73,4.8,4.5,19.5,0.8,0.4,78,0,0
3,34,62.8,172,28.9,98.7,1.1,0.2,41.2,7.8,1,46.2,0,0
3,46,19,56,68,90.4,3.2,0.8,19.3,5.2,21.4,54,0,0
3,5,98,513,26,35.5,20.6,2.9,93.7,0.7,1,3.9,0,0
3,35,44.7,261,27.8,99.6,0.3,0.2,49.1,2.1,0,48.6,0,0
3,52,46.8,181,56.4,77.8,9.9,6.1,31.8,6.8,8.1,50,0,0
3,52,68.7,180,53.8,12.3,3.8,3.8,19.8,10.3,0.8,69,0,0
3,58,28.6,109,53.6,34.2,6.1,4.6,28.8,3,23.9,44.2,0,0
3,51,60.8,154,52.7,27,5,5,26.7,7.5,64.5,0,0,0
3,13,45.2,744,40.9,96.2,1.1,1.1,60.1,2.2,4.2,33.3,0,0
3,49,54.6,262,48.2,10.9,6.6,5.3,63.5,3.9,0.5,32,0.1,0
3,81,26.5,11,86.5,56.5,26.8,2.7,60.5,8.5,0,31,0,0
3,22,57.9,902,32.3,17.2,5.5,5.1,65.5,6.2,8.8,19,0.24,0
3,39,71.1,258,46.3,27.7,3.8,3.5,44.4,10.4,13.4,31.2,0,0
3,49,42.6,166,58.4,13,7.4,7.3,35.8,4,8.5,51.1,0,0
3,31,86.5,416,38.6,14.2,11.8,4.2,51.6,4.8,4.6,37.5,0,0
3,33,60.2,305,63,62.6,7.8,3.4,68.5,1.1,2.2,26.3,0,0
3,28,39.5,369,39.6,38.4,26,6.8,59.4,3.6,5.8,30.7,0,0
3,60,77.4,85,59.3,19.4,5.5,5.2,70,13.6,3.5,12.3,0,0
3,30,89.8,581,16.7,17.1,9.3,4.3,72.4,1.1,0.7,25.7,0,0
3,63,21.1,35,76.6,14.1,8.1,6.1,15.9,2.4,0.6,81.1,0,0
3,46,83.9,143,74,35.1,11.6,6.3,60.1,3.7,0,36.3,0,0
3,30,40.8,221,64,15,13,6.3,35,1,0,63.8,0,0
3,52,43.3,118,40.7,48.1,10.4,3.4,43,4.5,2.3,50,0,0
3,36,90.8,362,23.9,27,4.4,4.1,77.4,1,0.5,21,0.1,0
3,55,18.6,346,32.3,63.2,33,4.2,19.1,21.1,0,59.7,0,0
3,61,80.6,196,34.2,18,8,6.4,28.4,1,0.5,68.5,0,0
3,37,71.5,213,66.2,38.5,10.7,8.1,14.2,0.8,0.6,84.3,0,0
3,73,18.9,45,75,57.2,6.6,3.9,28.6,5.4,35.2,30.4,0,0
3,66,83.3,86,75.4,32.2,18.6,10,63.3,21.4,1.3,14,0,0
3,60,40.6,82,55.5,16.8,9,6.5,33.2,9,1.8,56,0,0
3,71,44.6,134,42.1,5.7,5.5,5.3,21.3,0.8,1,76.9,0,0
3,57,50.2,147,57,18.5,8.9,4.9,21,1.9,1,75.8,0,0
3,26,55,281,40.6,21.4,10.6,8.2,74,3.1,4.3,18.6,0,0
3,59,46.8,294,32.6,10.2,9.4,8.9,27,3.1,2.1,67.2,0,0
3,49,74.3,210,56.6,27.7,5,4.7,42.4,0.8,2,54.4,0,0
3,28,71.5,48,80.6,24.8,5,4.8,32.7,0.9,0.3,66,0,0
3,58,21.4,67,44.5,28.1,10.7,10,30.3,11.3,0.8,57.6,0,0
3,49,71,98,70.5,11.6,11.5,11.3,32.7,1.7,0.5,65,0,0
3,48,55.8,113,66.2,29.2,11,9.2,26,28.8,2,43.3,0,0
3,19,26.6,168,75.2,90.7,7.7,0.8,17,1.4,0.2,81.5,0,0
3,25,51.6,126,68.8,86,4.3,2.1,55.5,7,0.2,37.2,0,0
3,43,61,206,52.5,50.5,8,4,71.8,9.5,1.7,16.8,0,0
3,63,66.9,154,57.8,17.2,7.2,6.6,32.6,8.8,1.6,56.5,0,0
